enum,label,color,children,comments
ABS,|‚ãÖ|,,1,
ACCENT_ARROW,‚Åú‚Üí,,1,
ACCENT_BAR,‚ÅúƒÅ,,1,
ACCENT_BREVE,‚ÅúƒÉ,,1,
ACCENT_DOT,‚Åú»ß,,1,
ACCENT_DDOT,‚Åú√§,,1,
ACCENT_DDDOT,‚Åú‚ãØ,,1,
ACCENT_HAT,‚Åú√¢,,1,
ACCENT_TILDE,‚Åú√£,,1,
ADDITION,+,,2,
ARGS,args,,n,
BACKSLASH,\\\\,,2,
BOOLEANS,ùîπ,orange,,
BRACKET_GROUPING,group[],,1,
CALL,f(),,2,
CEILING,‚åà‚ãÖ‚åâ,,1,
COMPLEX_NUMS,‚ÑÇ ,orange,,
CONDITIONAL_PROBABLITY,P(|),,2,
CONTINUOUS,‚ÑÇ‚Åø,,1,
CROSS,√ó,,2,
CURL,‚àá√ó,,1,
CURRENCY_DOLLARS,$,pink,1,
CURRENCY_EUROS,‚Ç¨,pink,1,
CURRENCY_POUNDS,¬£,pink,1,
DAGGER,‚Ä†,,1,
DECREMENT,x‚Åª,,1,
DEFINE_EQUALS,‚âî,,2,
DERIVATIVE,‚ÖÜy/‚ÖÜx,,2,
DIVERGENCE,‚àá‚ãÖ,,1,
DIVIDE,√∑,,2,
DOT,‚ãÖ,,2,
EMPTY_SET,‚àÖ,orange,,
EQUAL,=,,n,
EXPR_STMT,expr\\nstmt,,1,
FACTORIAL,!,,1,
FLOOR,‚åä‚ãÖ‚åã,,1,
FORWARDSLASH,/,,2,
GRADIENT,‚àá ,,1,
GREATER,>,,2,
GREATER_EQUAL,‚â•,,2,
IDENTIFIER,id: ,lightblue,,
IMPLICIT_MULTIPLY,*imp,,2,
IN,‚àà,,2,
INCREMENT,x‚Å∫,,1,
INFIMUM,inf,,2,
INFTY,‚àû,orange,,
INNER_PRODUCT,‚ü®‚ãÖ|‚ãÖ‚ü©,,2,
INTEGERS,‚Ñ§,orange,,
INTEGRAL,‚à´,,"2,4",
INTERSECTION,‚à©,,2,
LESS,<,,2,
LESS_EQUAL,‚â§,,2,
LIMIT,lim,,3,
LOGICAL_AND,‚àß,,2,
LOGICAL_NOT,¬¨,,1,
LOGICAL_OR,‚à®,,2,
MAX,max,,2,
MIN,min,,2,
MINUS_PLUS_UNARY,‚àì,,1,
MINUS_PLUS_BINARY,‚àì,,2,
MODULUS,%,,2,
MULTIFACTORIAL,!,,2,
MULTIPLICATION,*,,2,
NATURAL_NUMS,‚Ñï,orange,,
NEGATIVE_REALS,‚Ñù‚Åª,orange,,
NORM,‚Äñ‚ãÖ‚Äñ,,1,
NOT_EQUAL,‚â†,,2,
NOT_IN,‚àâ,,2,
NUMBER,,orange,,
ODOT,‚®Ä,,2,
OUTER_PRODUCT,‚äó,,2,
PAREN_GROUPING,group(),,1,
PARTIAL,‚àÇy/‚àÇx,,2,
PLUS_MINUS_UNARY,¬±,,1,
PLUS_MINUS_BINARY,¬±,,2,
POSITIVE_REALS,‚Ñù‚Å∫,orange,,
POWER,^,,2,
PRODUCT,‚àè,,"1,3",
PROPORTIONAL,‚àù,,2,
QUATERNIONS,‚Ñç,orange,,
RANGE_CLOSE_CLOSE,range[],,2,
RANGE_CLOSE_OPEN,range[),,2,
RANGE_OPEN_CLOSE,range(],,2,
RANGE_OPEN_OPEN,range(),,2,
RATIONAL_NUMS,‚Ñö,orange,,
REALS,‚Ñù,orange,,
SET_BUILDER,{|},,n,
SET_ENUMERATED,{},,n,
SUBSCRIPT_ACCESS,x·µ¢,,n,
SUBSCRIPT_PARTIAL,‚àÇ,,1,
SUBTRACTION,-,,2,
SUMMATION,Œ£,,"1,3",
SUPREMUM,sup,,2,
TICK_DERIVATIVE,',,1,
TRANSPOSE,‚ä§,,1,
TYPED_BINOMIAL,‚Åúb,,2,
TYPED_CASES,‚Åúc,,n,n must be even
TYPED_FRACTION,‚Åúf,,2,
TYPED_MATRIX,‚Åú‚äû,,n,
TYPED_POWER,‚Åú^,,2,
TYPED_ROOT,‚Åú‚àö,,2,
TYPED_SQRT,‚Åú‚àö,,1,
UNARY_MINUS,-,,1,
UNION,‚à™,,2,
VEE,‚à®,,1,
WEDGE,‚àß,,1,
